{
  "meta": [
    {
      "key": "dontconnect",
      "boolean": true
    }
  ],
  "xsize": 16,
  "zsize": 16,
  "slices": [
    [
      " #######))))####",
      " #SQQSSQQSSQQSSQ",
      " #QSSQQSSQQSSQQS",
      " #QSSQQSSQQSSQQS",
      " #SQQSSQQSSQQSSQ",
      " #SQQSSQQSSQQSSQ",
      " #QSSQQSSQQSSQQS",
      " #QSSQQSSQQSSQQS",
      " #SQQSSQQSSQQSSQ",
      " #SQQSSQQSSQQSSQ",
      " #QSSQQSSQQSSQQS",
      " #QSSQQSSQQSSQQS",
      " #SQQSSQQSSQQSSQ",
      " #SQQSSQQSSQQSSQ",
      " ###############",
      "                "
    ],
    [
      " ::::::w    w:::",
      " :              ",
      " :              ",
      " :              ",
      " :              ",
      " :              ",
      " :              ",
      " :              ",
      " :              ",
      " :              ",
      " :              ",
      " :              ",
      " :              ",
      " :              ",
      " w::::::::::::::",
      "                "
    ],
    [
      "       T    T   ",
      "                ",
      "                ",
      "                ",
      "                ",
      "                ",
      "                ",
      "                ",
      "                ",
      "                ",
      "                ",
      "                ",
      "                ",
      "                ",
      " w              ",
      "                "
    ],
    [
      "                ",
      "                ",
      "                ",
      "                ",
      "                ",
      "                ",
      "                ",
      "                ",
      "                ",
      "                ",
      "                ",
      "                ",
      "                ",
      "                ",
      " w              ",
      "                "
    ],
    [
      "                ",
      "                ",
      "                ",
      "                ",
      "                ",
      "                ",
      "                ",
      "                ",
      "                ",
      "                ",
      "                ",
      "                ",
      "                ",
      "                ",
      " #              ",
      "                "
    ],
    [
      "################",
      "################",
      "################",
      "################",
      "################",
      "################",
      "################",
      "################",
      "################",
      "################",
      "################",
      "################",
      "################",
      "################",
      "################",
      "################"
    ]
  ]
}