{
  "meta": [
    {
      "integer": 13,
      "key": "z1"
    },
    {
      "integer": 15,
      "key": "z2"
    }
  ],
  "xsize": 2,
  "zsize": 16,
  "slices": [
    [
      "  ",
      "  ",
      "  ",
      "__",
      "==",
      "  ",
      "  ",
      "  ",
      "  ",
      "  ",
      "  ",
      "  ",
      " T",
      " w",
      "  ",
      "  "
    ],
    [
      "  ",
      "  ",
      "  ",
      "  ",
      "  ",
      "__",
      "==",
      "  ",
      "  ",
      "  ",
      "  ",
      "  ",
      "  ",
      " w",
      "  ",
      "  "
    ],
    [
      "  ",
      "  ",
      "  ",
      "  ",
      "  ",
      "  ",
      "  ",
      "__",
      "==",
      "  ",
      "  ",
      "  ",
      "  ",
      " w",
      "  ",
      "  "
    ],
    [
      "  ",
      "  ",
      "  ",
      "  ",
      "  ",
      "  ",
      "  ",
      "  ",
      "  ",
      "__",
      "==",
      "  ",
      "  ",
      " w",
      "  ",
      "  "
    ],
    [
      "  ",
      "  ",
      "  ",
      "  ",
      "  ",
      "  ",
      "  ",
      "  ",
      "  ",
      "  ",
      "  ",
      "__",
      "==",
      " w",
      "  ",
      "  "
    ],
    [
      "  ",
      "  ",
      "  ",
      "  ",
      "  ",
      "  ",
      "  ",
      "  ",
      "  ",
      "  ",
      "  ",
      "  ",
      "  ",
      "__",
      "__",
      "__"
    ]
  ]
}