{
  "meta": [
    {
      "integer": 0,
      "key": "z1"
    },
    {
      "integer": 2,
      "key": "z2"
    }
  ],
  "xsize": 2,
  "zsize": 13,
  "slices": [
    [
      "  ",
      "  ",
      " w",
      " T",
      "  ",
      "  ",
      "  ",
      "  ",
      "  ",
      "  ",
      "  ",
      "==",
      "__"
    ],
    [
      "  ",
      "  ",
      " w",
      "  ",
      "  ",
      "  ",
      "  ",
      "  ",
      "  ",
      "==",
      "__",
      "  ",
      "  "
    ],
    [
      "  ",
      "  ",
      " w",
      "  ",
      "  ",
      "  ",
      "  ",
      "==",
      "__",
      "  ",
      "  ",
      "  ",
      "  "
    ],
    [
      "  ",
      "  ",
      " w",
      "  ",
      "  ",
      "==",
      "__",
      "  ",
      "  ",
      "  ",
      "  ",
      "  ",
      "  "
    ],
    [
      "  ",
      "  ",
      " w",
      "==",
      "__",
      "  ",
      "  ",
      "  ",
      "  ",
      "  ",
      "  ",
      "  ",
      "  "
    ],
    [
      "__",
      "__",
      "__",
      "  ",
      "  ",
      "  ",
      "  ",
      "  ",
      "  ",
      "  ",
      "  ",
      "  ",
      "  "
    ]
  ]
}