{
  "feature": "realmrpg_skeletons:deep_cave_skeletons",
  "placement": [
    {
      "type": "minecraft:rarity_filter",
      "chance": 4
    },
    {
      "type": "minecraft:count",
      "count": {
        "type": "uniform",
        "value": {
          "min_inclusive": 8,
          "max_inclusive": 12
        }
      }
    },
    {
      "type": "minecraft:in_square"
    },
    {
      "type": "minecraft:height_range",
      "height": {
        "type": "minecraft:uniform",
        "min_inclusive": {
          "above_bottom": 2
        },
        "max_inclusive": {
          "absolute": 4
        }
      }
    },
    {
      "type": "minecraft:biome"
    }
  ]
}