{
  "feature": "realmrpg_skeletons:overworld_surface_big_skeletons",
  "placement": [
    {
      "type": "minecraft:rarity_filter",
      "chance": 4
    },
    {
      "type": "minecraft:count",
      "count": {
        "type": "uniform",
        "value": {
          "min_inclusive": 0,
          "max_inclusive": 2
        }
      }
    },
    {
      "type": "minecraft:in_square"
    },
    {
      "type": "minecraft:height_range",
      "height": {
        "type": "minecraft:uniform",
        "min_inclusive": {
          "absolute": 55
        },
        "max_inclusive": {
          "below_top": 5
        }
      }
    },
    {
      "type": "minecraft:biome"
    }
  ]
}