{
  "feature": "realmrpg_skeletons:webbed_skeletons",
  "placement": [
    {
      "type": "minecraft:rarity_filter",
      "chance": 4
    },
    {
      "type": "minecraft:count",
      "count": {
        "type": "uniform",
        "value": {
          "min_inclusive": 1,
          "max_inclusive": 3
        }
      }
    },
    {
      "type": "minecraft:in_square"
    },
    {
      "type": "minecraft:height_range",
      "height": {
        "type": "minecraft:uniform",
        "min_inclusive": {
          "above_bottom": 5
        },
        "max_inclusive": {
          "below_top": 5
        }
      }
    },
    {
      "type": "minecraft:biome"
    }
  ]
}