{
  "pools": [
    {
      "rolls": {
        "min": 0,
        "max": 1
      },
      "entries": [
        {
          "type": "item",
          "weight": 1,
          "name": "minecraft:emerald"
        },
        {
          "type": "item",
          "weight": 1,
          "name": "minecraft:diamond"
        },
        {
          "type": "item",
          "weight": 28,
          "name": "minecraft:iron_nugget"
        },
        {
          "type": "item",
          "weight": 20,
          "name": "minecraft:gold_nugget"
        },
        {
          "type": "item",
          "weight": 15,
          "name": "minecraft:map"
        },
        {
          "type": "item",
          "weight": 45,
          "name": "minecraft:coal"
        },
        {
          "type": "item",
          "weight": 23,
          "name": "minecraft:raw_copper"
        },
        {
          "type": "item",
          "weight": 45,
          "name": "minecraft:flint"
        },

        {
          "type": "minecraft:item",
          "weight": 5,
          "name": "legendarysurvivaloverhaul:bandage"
        },
        {
          "type": "minecraft:item",
          "weight": 5,
          "name": "legendarysurvivaloverhaul:plaster"
        },

        {
          "type": "minecraft:item",
          "weight": 15,
          "name": "createdeco:iron_coin"
        },
        {
          "type": "minecraft:item",
          "weight": 15,
          "name": "createdeco:copper_coin"
        },
        {
          "type": "minecraft:item",
          "weight": 15,
          "name": "miners_delight:moss"
        },
        {
          "type": "minecraft:item",
          "weight": 15,
          "name": "minecraft:bread"
        }
      ]
    },
    {
      "rolls": {
        "min": 0,
        "max": 1
      },
      "entries": [
        {
          "type": "item",
          "weight": 1,
          "name": "minecraft:diamond_pickaxe",
          "functions": [
            {
              "function": "set_damage",
              "damage": {
                "min": 0.01,
                "max": 0.49
              }
            }
          ]
        },
        {
          "type": "item",
          "weight": 4,
          "name": "minecraft:iron_helmet",
          "functions": [
            {
              "function": "set_damage",
              "damage": {
                "min": 0.05,
                "max": 0.5
              }
            }
          ]
        },
        {
          "type": "item",
          "weight": 4,
          "name": "minecraft:chainmail_leggings",
          "functions": [
            {
              "function": "set_damage",
              "damage": {
                "min": 0.05,
                "max": 0.5
              }
            }
          ]
        },
        {
          "type": "item",
          "weight": 3,
          "name": "minecraft:chainmail_chestplate",
          "functions": [
            {
              "function": "set_damage",
              "damage": {
                "min": 0.05,
                "max": 0.5
              }
            }
          ]
        },
        {
          "type": "item",
          "weight": 4,
          "name": "minecraft:iron_pickaxe",
          "functions": [
            {
              "function": "set_damage",
              "damage": {
                "min": 0.05,
                "max": 0.5
              }
            }
          ]
        },
        {
          "type": "item",
          "weight": 5,
          "name": "minecraft:stone_pickaxe",
          "functions": [
            {
              "function": "set_damage",
              "damage": {
                "min": 0.05,
                "max": 0.75
              }
            }
          ]
        },
        {
          "type": "item",
          "weight": 4,
          "name": "minecraft:leather_chestplate",
          "functions": [
            {
              "function": "set_damage",
              "damage": {
                "min": 0.05,
                "max": 0.75
              }
            }
          ]
        },
        {
          "type": "item",
          "weight": 4,
          "name": "minecraft:iron_sword",
          "functions": [
            {
              "function": "set_damage",
              "damage": {
                "min": 0.05,
                "max": 0.5
              }
            }
          ]
        },
        {
          "type": "item",
          "weight": 5,
          "name": "minecraft:stone_sword",
          "functions": [
            {
              "function": "set_damage",
              "damage": {
                "min": 0.05,
                "max": 0.75
              }
            }
          ]
        },
        {
          "type": "item",
          "weight": 5,
          "name": "minecraft:golden_sword",
          "functions": [
            {
              "function": "set_damage",
              "damage": {
                "min": 0.05,
                "max": 0.75
              }
            }
          ]
        },
        {
          "type": "item",
          "weight": 5,
          "name": "minecraft:golden_pickaxe",
          "functions": [
            {
              "function": "set_damage",
              "damage": {
                "min": 0.05,
                "max": 0.75
              }
            }
          ]
        },
        {
          "type": "item",
          "weight": 5,
          "name": "minecraft:golden_leggings",
          "functions": [
            {
              "function": "set_damage",
              "damage": {
                "min": 0.05,
                "max": 0.75
              }
            }
          ]
        },
        {
          "type": "item",
          "weight": 4,
          "name": "minecraft:golden_chestplate",
          "functions": [
            {
              "function": "set_damage",
              "damage": {
                "min": 0.05,
                "max": 0.75
              }
            }
          ]
        },
        {
          "type": "item",
          "weight": 5,
          "name": "minecraft:golden_boots",
          "functions": [
            {
              "function": "set_damage",
              "damage": {
                "min": 0.05,
                "max": 0.75
              }
            }
          ]
        },
        {
          "type": "item",
          "weight": 5,
          "name": "minecraft:leather_boots",
          "functions": [
            {
              "function": "set_damage",
              "damage": {
                "min": 0.05,
                "max": 0.75
              }
            }
          ]
        },
        {
          "type": "item",
          "weight": 5,
          "name": "minecraft:wooden_sword",
          "functions": [
            {
              "function": "set_damage",
              "damage": {
                "min": 0.05,
                "max": 0.75
              }
            }
          ]
        },
        {
          "type": "item",
          "weight": 5,
          "name": "minecraft:wooden_shovel",
          "functions": [
            {
              "function": "set_damage",
              "damage": {
                "min": 0.05,
                "max": 0.75
              }
            }
          ]
        },
        {
          "type": "item",
          "weight": 5,
          "name": "minecraft:stone_shovel",
          "functions": [
            {
              "function": "set_damage",
              "damage": {
                "min": 0.05,
                "max": 0.75
              }
            }
          ]
        },
        {
          "type": "item",
          "weight": 4,
          "name": "minecraft:iron_shovel",
          "functions": [
            {
              "function": "set_damage",
              "damage": {
                "min": 0.05,
                "max": 0.5
              }
            }
          ]
        },
        {
          "type": "item",
          "weight": 4,
          "name": "minecraft:iron_hoe",
          "functions": [
            {
              "function": "set_damage",
              "damage": {
                "min": 0.05,
                "max": 0.5
              }
            }
          ]
        },
        {
          "type": "item",
          "weight": 5,
          "name": "minecraft:stone_hoe",
          "functions": [
            {
              "function": "set_damage",
              "damage": {
                "min": 0.05,
                "max": 0.75
              }
            }
          ]
        },
        {
          "type": "item",
          "weight": 2,
          "name": "minecraft:compass"
        },
        {
          "type": "item",
          "weight": 13,
          "name": "minecraft:glass_bottle"
        },
        {
          "type": "item",
          "weight": 15,
          "name": "minecraft:stick"
        },
        {
          "type": "item",
          "weight": 13,
          "name": "totally_lit:unlit_torch"
        },
        {
          "type": "item",
          "weight": 10,
          "name": "totally_lit:unlit_lantern"
        },
        {
          "type": "item",
          "weight": 10,
          "name": "minecraft:arrow"
        },

        {
          "type": "minecraft:item",
          "weight": 1,
          "name": "legendarysurvivaloverhaul:snow_boots",
          "functions": [
            {
              "function": "set_damage",
              "damage": {
                "min": 0.05,
                "max": 0.75
              }
            }
          ]
        },
        {
          "type": "minecraft:item",
          "weight": 1,
          "name": "legendarysurvivaloverhaul:snow_leggings",
          "functions": [
            {
              "function": "set_damage",
              "damage": {
                "min": 0.05,
                "max": 0.75
              }
            }
          ]
        },
        {
          "type": "minecraft:item",
          "weight": 1,
          "name": "legendarysurvivaloverhaul:snow_chestplate",
          "functions": [
            {
              "function": "set_damage",
              "damage": {
                "min": 0.05,
                "max": 0.75
              }
            }
          ]
        },
        {
          "type": "minecraft:item",
          "weight": 1,
          "name": "legendarysurvivaloverhaul:snow_helmet",
          "functions": [
            {
              "function": "set_damage",
              "damage": {
                "min": 0.05,
                "max": 0.75
              }
            }
          ]
        },
        {
          "type": "minecraft:item",
          "weight": 1,
          "name": "wardrobe:taiga_chestplate",
          "functions": [
            {
              "function": "set_damage",
              "damage": {
                "min": 0.05,
                "max": 0.75
              }
            }
          ]
        },
        {
          "type": "minecraft:item",
          "weight": 1,
          "name": "wardrobe:taiga_leggings",
          "functions": [
            {
              "function": "set_damage",
              "damage": {
                "min": 0.05,
                "max": 0.75
              }
            }
          ]
        },
        {
          "type": "minecraft:item",
          "weight": 1,
          "name": "wardrobe:taiga_boots",
          "functions": [
            {
              "function": "set_damage",
              "damage": {
                "min": 0.05,
                "max": 0.75
              }
            }
          ]
        },
        {
          "type": "minecraft:item",
          "weight": 1,
          "name": "wardrobe:taiga_helmet",
          "functions": [
            {
              "function": "set_damage",
              "damage": {
                "min": 0.05,
                "max": 0.75
              }
            }
          ]
        },

        {
          "type": "minecraft:item",
          "weight": 1,
          "name": "wardrobe:farmers_hat_helmet",
          "functions": [
            {
              "function": "set_damage",
              "damage": {
                "min": 0.05,
                "max": 0.75
              }
            }
          ]
        },
        {
          "type": "minecraft:item",
          "weight": 1,
          "name": "wardrobe:hat_helmet",
          "functions": [
            {
              "function": "set_damage",
              "damage": {
                "min": 0.05,
                "max": 0.75
              }
            }
          ]
        },
        {
          "type": "minecraft:item",
          "weight": 1,
          "name": "vinery:straw_hat"
        },
        {
          "type": "minecraft:item",
          "weight": 1,
          "name": "wardrobe:black_scarf"
        },
        {
          "type": "minecraft:item",
          "weight": 1,
          "name": "wardrobe:white_scarf"
        },
        {
          "type": "minecraft:item",
          "weight": 1,
          "name": "wardrobe:magenta_scarf"
        },
        {
          "type": "minecraft:item",
          "weight": 1,
          "name": "wardrobe:red_scarf"
        }
      ]
    },
    {
      "rolls": {
        "min": 1,
        "max": 1
      },
      "entries": [
        {
          "type": "empty",
          "weight": 3
        },
        {
          "type": "item",
          "weight": 1,
          "name": "minecraft:cod"
        },
        {
          "type": "item",
          "weight": 1,
          "name": "minecraft:salmon"
        },
        {
          "type": "item",
          "weight": 1,
          "name": "minecraft:bone"
        },
        {
          "type": "item",
          "weight": 1,
          "name": "minecraft:feather"
        },
        {
          "type": "item",
          "weight": 1,
          "name": "minecraft:string"
        },
        {
          "type": "item",
          "weight": 1,
          "name": "minecraft:egg"
        }
      ]
    }
  ]
}