{
  "type": "minecraft:chest",
  "pools": [
    {
      "rolls": {
        "min": 1,
        "max": 2
      },
      "entries": [
        {
          "type": "minecraft:item",
          "weight": 1,
          "name": "miners_delight:silverfish_eggs"
        },
        {
          "type": "minecraft:item",
          "weight": 1,
          "name": "miners_delight:moss"
        },
        {
          "type": "minecraft:item",
          "weight": 1,
          "name": "miners_delight:bat_wing"
        },
        {
          "type": "minecraft:item",
          "weight": 1,
          "name": "farmersdelight:bacon"
        },
        {
          "type": "minecraft:item",
          "weight": 1,
          "name": "farmersdelight:chicken_cuts"
        },
        {
          "type": "minecraft:item",
          "weight": 1,
          "name": "farmersdelight:minced_beef"
        },
        {
          "type": "minecraft:item",
          "weight": 1,
          "name": "minecraft:rabbit"
        },
        {
          "type": "minecraft:item",
          "weight": 1,
          "name": "minecraft:chicken"
        },
        {
          "type": "minecraft:item",
          "weight": 1,
          "name": "minecraft:mutton"
        },
        {
          "type": "minecraft:item",
          "weight": 1,
          "name": "minecraft:porkchop"
        },
        {
          "type": "minecraft:item",
          "weight": 2,
          "name": "minecraft:ice"
        },
        {
          "type": "minecraft:item",
          "weight": 2,
          "name": "minecraft:packed_ice"
        },
        {
          "type": "minecraft:item",
          "weight": 2,
          "name": "minecraft:blue_ice"
        },
        {
          "type": "minecraft:item",
          "weight": 2,
          "name": "minecraft:rotten_flesh"
        },
        {
          "type": "minecraft:item",
          "weight": 1,
          "name": "minecraft:spider_eye"
        }
      ]
    },
    {
      "rolls": {
        "min": 0,
        "max": 1
      },
      "entries": [
        {
          "type": "minecraft:item",
          "weight": 1,
          "name": "brewery:whiskey_cristelwalker"
        },
        {
          "type": "minecraft:item",
          "weight": 1,
          "name": "brewery:whiskey_jojannik"
        },
        {
          "type": "minecraft:item",
          "weight": 1,
          "name": "brewery:whiskey_carrasconlabel"
        },
        {
          "type": "minecraft:item",
          "weight": 1,
          "name": "brewery:whiskey_maggoallan"
        },
        {
          "type": "minecraft:item",
          "weight": 1,
          "name": "brewery:whiskey_lilitusinglemalt"
        },
        {
          "type": "minecraft:item",
          "weight": 1,
          "name": "vinery:white_grapejuice"
        },
        {
          "type": "minecraft:item",
          "weight": 1,
          "name": "vinery:red_grapejuice"
        },
        {
          "type": "minecraft:item",
          "weight": 1,
          "name": "vinery:solaris_wine"
        },
        {
          "type": "minecraft:item",
          "weight": 1,
          "name": "vinery:glowing_wine"
        },
        {
          "type": "minecraft:item",
          "weight": 1,
          "name": "vinery:apple_wine"
        },
        {
          "type": "minecraft:item",
          "weight": 1,
          "name": "vinery:red_wine"
        },
        {
          "type": "minecraft:item",
          "weight": 1,
          "name": "vinery:noir_wine"
        },
        {
          "type": "minecraft:item",
          "weight": 1,
          "name": "vinery:apple_cider"
        },
        {
          "type": "minecraft:item",
          "weight": 1,
          "name": "vinery:strad_wine"
        },
        {
          "type": "minecraft:item",
          "weight": 1,
          "name": "vinery:cherry_wine"
        },
        {
          "type": "minecraft:item",
          "weight": 1,
          "name": "farmersdelight:milk_bottle"
        },
        {
          "type": "minecraft:item",
          "weight": 1,
          "name": "minecraft:honey_bottle"
        },
        {
          "type": "minecraft:item",
          "name": "minecraft:potion",
          "weight": 15,
          "functions": [
            {
              "function": "minecraft:set_potion",
              "id": "minecraft:water"
            }
          ]
        }
      ]
    },
    {
      "rolls": {
        "min": 1,
        "max": 2
      },
      "entries": [
        {
          "type": "minecraft:item",
          "weight": 6,
          "name": "yungscavebiomes:prickly_peach"
        },
        {
          "type": "minecraft:item",
          "weight": 6,
          "name": "farmersdelight:tomato"
        },
        {
          "type": "minecraft:item",
          "weight": 15,
          "name": "farmersdelight:rotten_tomato"
        },
        {
          "type": "minecraft:item",
          "weight": 6,
          "name": "farm_and_charm:tomato"
        },
        {
          "type": "minecraft:item",
          "weight": 15,
          "name": "farm_and_charm:rotten_tomato"
        },
        {
          "type": "minecraft:item",
          "weight": 6,
          "name": "farmersdelight:onion"
        },
        {
          "type": "minecraft:item",
          "weight": 6,
          "name": "farm_and_charm:onion"
        },
        {
          "type": "minecraft:item",
          "weight": 6,
          "name": "farm_and_charm:barley"
        },
        {
          "type": "minecraft:item",
          "weight": 6,
          "name": "farmersdelight:potato_crate"
        },
        {
          "type": "minecraft:item",
          "weight": 6,
          "name": "farmersdelight:tomato_crate"
        },
        {
          "type": "minecraft:item",
          "weight": 6,
          "name": "farmersdelight:onion_crate"
        },
        {
          "type": "minecraft:item",
          "weight": 6,
          "name": "farmersdelight:carrot_crate"
        },
        {
          "type": "minecraft:item",
          "weight": 6,
          "name": "farmersdelight:rice_bag"
        },
        {
          "type": "minecraft:item",
          "weight": 6,
          "name": "farmersdelight:rice"
        },
        {
          "type": "minecraft:item",
          "weight": 6,
          "name": "farmersdelight:cabbage"
        },
        {
          "type": "minecraft:item",
          "weight": 6,
          "name": "farm_and_charm:corn"
        },
        {
          "type": "minecraft:item",
          "weight": 6,
          "name": "farm_and_charm:lettuce"
        },
        {
          "type": "minecraft:item",
          "weight": 6,
          "name": "farm_and_charm:oat"
        },
        {
          "type": "minecraft:item",
          "weight": 6,
          "name": "bakery:oat"
        },
        {
          "type": "minecraft:item",
          "weight": 6,
          "name": "farm_and_charm:strawberry"
        },
        {
          "type": "minecraft:item",
          "weight": 6,
          "name": "bakery:strawberry"
        },
        {
          "type": "minecraft:item",
          "weight": 6,
          "name": "miners_delight:cave_carrot"
        },
        {
          "type": "minecraft:item",
          "weight": 6,
          "name": "legendarysurvivaloverhaul:sun_fern_seeds"
        },
        {
          "type": "minecraft:item",
          "weight": 6,
          "name": "legendarysurvivaloverhaul:ice_fern_seeds"
        },
        {
          "type": "minecraft:item",
          "weight": 6,
          "name": "brewery:hops_seeds"
        },
        {
          "type": "minecraft:item",
          "weight": 6,
          "name": "brewery:barley_seeds"
        },
        {
          "type": "minecraft:item",
          "weight": 6,
          "name": "brewery:corn_seeds"
        },
        {
          "type": "minecraft:item",
          "weight": 6,
          "name": "immersive_weathering:moss_clump"
        },
        {
          "type": "minecraft:item",
          "weight": 6,
          "name": "minecraft:bread"
        },
        {
          "type": "minecraft:item",
          "weight": 6,
          "name": "minecraft:apple"
        },
        {
          "type": "minecraft:item",
          "weight": 6,
          "name": "minecraft:potato"
        },
        {
          "type": "minecraft:item",
          "weight": 6,
          "name": "minecraft:carrot"
        },
        {
          "type": "minecraft:item",
          "weight": 6,
          "name": "minecraft:beetroot"
        },
        {
          "type": "minecraft:item",
          "weight": 6,
          "name": "minecraft:dried_kelp"
        },
        {
          "type": "minecraft:item",
          "weight": 6,
          "name": "minecraft:cookie"
        },
        {
          "type": "minecraft:item",
          "weight": 12,
          "name": "minecraft:poisonous_potato"
        },
        {
          "type": "minecraft:item",
          "weight": 6,
          "name": "miners_delight:weird_caviar"
        },
        {
          "type": "minecraft:item",
          "weight": 6,
          "name": "miners_delight:insect_stew"
        },
        {
          "type": "minecraft:item",
          "weight": 6,
          "name": "miners_delight:insect_sandwich"
        },
        {
          "type": "minecraft:item",
          "weight": 6,
          "name": "miners_delight:bat_soup"
        },
        {
          "type": "minecraft:item",
          "weight": 6,
          "name": "miners_delight:improvised_barbecue_stick"
        },

        {
          "type": "minecraft:item",
          "weight": 2,
          "name": "create_central_kitchen:truffle_pie_slice"
        },
        {
          "type": "minecraft:item",
          "weight": 2,
          "name": "create_central_kitchen:cherry_pie_slice"
        },
        {
          "type": "minecraft:item",
          "weight": 2,
          "name": "create_central_kitchen:yucca_cake_slice"
        },

        {
          "type": "minecraft:item",
          "weight": 1,
          "name": "herbalbrews:lavender"
        },
        {
          "type": "minecraft:item",
          "weight": 1,
          "name": "herbalbrews:hibiscus"
        },
        {
          "type": "minecraft:item",
          "weight": 1,
          "name": "herbalbrews:tea_blossom"
        },
        {
          "type": "minecraft:item",
          "weight": 1,
          "name": "herbalbrews:green_tea_leaf"
        },
        {
          "type": "minecraft:item",
          "weight": 1,
          "name": "herbalbrews:rooibos_leaf"
        },
        {
          "type": "minecraft:item",
          "weight": 1,
          "name": "herbalbrews:yerba_mate_leaf"
        },
        {
          "type": "minecraft:item",
          "weight": 1,
          "name": "herbalbrews:coffee_beans"
        },
        {
          "type": "minecraft:item",
          "weight": 1,
          "name": "herbalbrews:tea_leaf_crate"
        },

        {
          "type": "minecraft:item",
          "weight": 1,
          "name": "vinery:jungle_grapes_white"
        },
        {
          "type": "minecraft:item",
          "weight": 1,
          "name": "vinery:jungle_grapes_red"
        },
        {
          "type": "minecraft:item",
          "weight": 1,
          "name": "vinery:red_grape"
        },
        {
          "type": "minecraft:item",
          "weight": 1,
          "name": "vinery:white_grape"
        },
        {
          "type": "minecraft:item",
          "weight": 1,
          "name": "vinery:savanna_grapes_white"
        },
        {
          "type": "minecraft:item",
          "weight": 1,
          "name": "vinery:savanna_grapes_red"
        },
        {
          "type": "minecraft:item",
          "weight": 1,
          "name": "vinery:taiga_grapes_white"
        },
        {
          "type": "minecraft:item",
          "weight": 1,
          "name": "vinery:taiga_grapes_red"
        },
        {
          "type": "minecraft:item",
          "weight": 1,
          "name": "vinery:cherry"
        },
        {
          "type": "minecraft:item",
          "weight": 2,
          "name": "vinery:rotten_cherry"
        }
      ]
    },
    {
      "rolls": 1,
      "entries": [
        {
          "type": "minecraft:item",
          "name": "minecraft:coal_block",
          "weight": 1,
          "functions": [
            {
              "function": "minecraft:set_count",
              "count": {
                "min": 1,
                "max": 2
              }
            }
          ]
        },
        {
          "type": "minecraft:item",
          "name": "minecraft:cobweb",
          "weight": 1
        }
      ]
    },
    {
      "rolls": {
        "min": 1,
        "max": 3
      },
      "entries": [
        {
          "type": "minecraft:item",
          "name": "minecraft:slime_ball",
          "weight": 4,
          "functions": [
            {
              "function": "minecraft:set_count",
              "count": {
                "min": 1,
                "max": 4
              }
            }
          ]
        },
        {
          "type": "minecraft:item",
          "name": "minecraft:skeleton_skull",
          "weight": 3
        },
        {
          "type": "minecraft:item",
          "weight": 3,
          "name": "minecraft:flint_and_steel",
          "functions": [
            {
              "function": "minecraft:set_count",
              "count": {
                "min": 1,
                "max": 1
              }
            },
            {
              "function": "set_damage",
              "damage": {
                "min": 0.1,
                "max": 0.9
              }
            }
          ]
        },
        {
          "type": "minecraft:item",
          "weight": 8,
          "name": "minecraft:flint",
          "functions": [
            {
              "function": "minecraft:set_count",
              "count": {
                "min": 1,
                "max": 14
              }
            }
          ]
        },
        {
          "type": "minecraft:item",
          "weight": 8,
          "name": "minecraft:cobweb",
          "functions": [
            {
              "function": "minecraft:set_count",
              "count": {
                "min": 1,
                "max": 8
              }
            }
          ]
        },
        {
          "type": "minecraft:item",
          "weight": 5,
          "name": "minecraft:string",
          "functions": [
            {
              "function": "minecraft:set_count",
              "count": {
                "min": 1,
                "max": 9
              }
            }
          ]
        },

        {
          "type": "minecraft:item",
          "weight": 1,
          "name": "handcrafted:yellow_bowl"
        },
        {
          "type": "minecraft:item",
          "weight": 1,
          "name": "handcrafted:blue_bowl"
        },
        {
          "type": "minecraft:item",
          "weight": 1,
          "name": "handcrafted:white_bowl"
        },
        {
          "type": "minecraft:item",
          "weight": 1,
          "name": "handcrafted:yellow_cup"
        },
        {
          "type": "minecraft:item",
          "weight": 1,
          "name": "handcrafted:blue_cup"
        },
        {
          "type": "minecraft:item",
          "weight": 1,
          "name": "handcrafted:white_cup"
        },
        {
          "type": "minecraft:item",
          "weight": 1,
          "name": "handcrafted:yellow_plate"
        },
        {
          "type": "minecraft:item",
          "weight": 1,
          "name": "handcrafted:blue_plate"
        },
        {
          "type": "minecraft:item",
          "weight": 1,
          "name": "handcrafted:white_plate"
        },

        {
          "type": "minecraft:item",
          "weight": 3,
          "name": "minecraft:bucket"
        },
        {
          "type": "minecraft:item",
          "weight": 3,
          "name": "minecraft:shears",
          "functions": [
            {
              "function": "set_damage",
              "damage": {
                "min": 0.1,
                "max": 0.9
              }
            }
          ]
        },
        {
          "type": "minecraft:item",
          "weight": 3,
          "name": "minecraft:brick"
        },
        {
          "type": "minecraft:item",
          "weight": 3,
          "name": "immersive_weathering:deepslate_brick"
        },
        {
          "type": "minecraft:item",
          "weight": 3,
          "name": "immersive_weathering:stone_brick"
        }
      ]
    },
    {
      "rolls": {
        "min": 2,
        "max": 3
      },
      "entries": [
        {
          "type": "minecraft:item",
          "weight": 1,
          "name": "minecraft:spruce_planks",
          "functions": [
            {
              "function": "minecraft:set_count",
              "count": {
                "min": 1,
                "max": 4
              }
            }
          ]
        },
        {
          "type": "minecraft:item",
          "weight": 1,
          "name": "minecraft:ice"
        }
      ]
    }
  ]
}
